ThreadID,Subject
1000,Quote request
1001,Budget details
1002,Follow-up on job
1003,Scope confirmation
1004,Budget details
1005,Follow-up on job
1006,Quote request
1007,Scope confirmation
1008,Change of plans
1009,Change of plans
1010,Photo attachments
1011,Photo attachments
1012,Quote request
1013,Availability check
1014,Availability check
1015,Photo attachments
1016,Change of plans
1017,Photo attachments
1018,Final details
1019,Site visit scheduling
1020,Availability check
1021,Quote request
1022,Scope confirmation
1023,Follow-up on job
1024,Urgent request
1025,Scope confirmation
1026,Follow-up on job
1027,Quote request
1028,Photo attachments
1029,Final details
1030,Invoice query
1031,Follow-up on job
1032,Quote request
1033,Follow-up on job
1034,Reschedule
1035,Availability check
1036,Availability check
1037,Quote request
1038,Budget details
1039,Scope confirmation
1040,Urgent request
1041,Invoice query
1042,Budget details
1043,Invoice query
1044,Quote request
1045,Budget details
1046,Photo attachments
1047,Change of plans
1048,Invoice query
1049,Site visit scheduling
1050,Urgent request
1051,Reschedule
1052,Change of plans
1053,Urgent request
1054,Photo attachments
1055,Quote request
1056,Scope confirmation
1057,Reschedule
1058,Change of plans
1059,Scope confirmation
