UserID,Name
1,Alex Nguyen
2,Sam Smith
3,Taylor Lee
4,Jordan Brown
5,Casey Wilson
6,Riley Anderson
7,Morgan Taylor
8,Jamie Martin
9,Cameron Thompson
10,Avery White
11,Quinn Walker
12,Hayden Young
13,Parker Harris
14,Rowan Lewis
15,Emerson Hall
16,Reese Allen
17,Drew Wright
18,Skyler Scott
19,Elliot King
20,Kendall Green
21,Sawyer Baker
22,Logan Adams
23,Harper Nelson
24,Sage Carter
25,Finley Mitchell
26,Brook Perez
27,Blair Roberts
28,Arden Turner
29,Dakota Phillips
30,Remy Campbell
1001,Bill Gates
1002,Mark Zuckerberg
1003,Bryan Cranston
